Instance,Evaluations,Best Fitness
instance_10_hard.json,50,106
instance_10_hard.json,100,106
instance_10_hard.json,150,131
instance_10_hard.json,200,155
instance_10_hard.json,250,171
instance_10_hard.json,300,171
instance_10_hard.json,350,225
instance_10_hard.json,400,225
instance_10_hard.json,450,250
instance_10_hard.json,500,285
instance_10_hard.json,550,285
instance_10_hard.json,600,300
instance_10_hard.json,650,320
instance_10_hard.json,700,320
instance_10_hard.json,750,320
instance_10_hard.json,800,320
instance_10_hard.json,850,335
instance_10_hard.json,900,335
instance_10_hard.json,950,335
instance_10_hard.json,1000,335
instance_10_hard.json,1050,335
instance_10_hard.json,1100,335
instance_10_hard.json,1150,335
instance_10_hard.json,1200,335
instance_10_hard.json,1250,335
instance_10_hard.json,1300,335
instance_10_hard.json,1350,335
instance_10_hard.json,1400,340
instance_10_hard.json,1450,340
instance_10_hard.json,1500,340
instance_10_hard.json,1550,340
instance_10_hard.json,1600,340
instance_10_hard.json,1650,340
instance_10_hard.json,1700,340
instance_10_hard.json,1750,340
instance_10_hard.json,1800,340
instance_10_hard.json,1850,340
instance_10_hard.json,1900,340
instance_10_hard.json,1950,340
instance_10_hard.json,2000,360
instance_10_hard.json,2050,360
instance_10_hard.json,2100,365
instance_10_hard.json,2150,365
instance_10_hard.json,2200,365
instance_10_hard.json,2250,365
instance_10_hard.json,2300,365
instance_10_hard.json,2350,365
instance_10_hard.json,2400,365
instance_10_hard.json,2450,365
instance_10_hard.json,2500,365
instance_10_hard.json,2550,365
instance_10_hard.json,2600,365
instance_10_hard.json,2650,365
instance_10_hard.json,2700,365
instance_10_hard.json,2750,365
instance_10_hard.json,2800,365
instance_10_hard.json,2850,365
instance_10_hard.json,2900,365
instance_10_hard.json,2950,365
instance_10_hard.json,3000,365
instance_10_hard.json,3050,365
instance_10_hard.json,3100,365
instance_10_hard.json,3150,365
instance_10_hard.json,3200,365
instance_10_hard.json,3250,365
instance_10_hard.json,3300,365
instance_10_hard.json,3350,365
instance_10_hard.json,3400,365
instance_10_hard.json,3450,365
instance_10_hard.json,3500,365
instance_10_hard.json,3550,370
instance_10_hard.json,3600,370
instance_10_hard.json,3650,370
instance_10_hard.json,3700,370
instance_10_hard.json,3750,370
instance_10_hard.json,3800,370
instance_10_hard.json,3850,370
instance_10_hard.json,3900,370
instance_10_hard.json,3950,370
instance_10_hard.json,4000,370
instance_10_hard.json,4050,370
instance_10_hard.json,4100,370
instance_10_hard.json,4150,370
instance_10_hard.json,4200,370
instance_10_hard.json,4250,370
instance_10_hard.json,4300,370
instance_10_hard.json,4350,370
instance_10_hard.json,4400,370
instance_10_hard.json,4450,370
instance_10_hard.json,4500,370
instance_10_hard.json,4550,370
instance_10_hard.json,4600,370
instance_10_hard.json,4650,370
instance_10_hard.json,4700,375
instance_10_hard.json,4750,375
instance_10_hard.json,4800,375
instance_10_hard.json,4850,375
instance_10_hard.json,4900,375
instance_10_hard.json,4950,375
instance_10_hard.json,5000,375
instance_10_hard.json,5050,375
instance_10_hard.json,5100,375
instance_10_hard.json,5150,375
instance_10_hard.json,5200,375
instance_10_hard.json,5250,375
instance_10_hard.json,5300,375
instance_10_hard.json,5350,375
instance_10_hard.json,5400,375
instance_10_hard.json,5450,375
instance_10_hard.json,5500,375
instance_10_hard.json,5550,375
instance_10_hard.json,5600,375
instance_10_hard.json,5650,375
instance_10_hard.json,5700,375
instance_10_hard.json,5750,375
instance_10_hard.json,5800,375
instance_10_hard.json,5850,375
instance_10_hard.json,5900,375
instance_10_hard.json,5950,375
instance_10_hard.json,6000,375
instance_10_hard.json,6050,375
instance_10_hard.json,6100,375
instance_10_hard.json,6150,375
instance_10_hard.json,6200,375
instance_10_hard.json,6250,375
instance_10_hard.json,6300,390
instance_10_hard.json,6350,390
instance_10_hard.json,6400,390
instance_10_hard.json,6450,390
instance_10_hard.json,6500,390
instance_10_hard.json,6550,390
instance_10_hard.json,6600,390
instance_10_hard.json,6650,390
instance_10_hard.json,6700,390
instance_10_hard.json,6750,390
instance_10_hard.json,6800,390
instance_10_hard.json,6850,390
instance_10_hard.json,6900,390
instance_10_hard.json,6950,390
instance_10_hard.json,7000,390
instance_10_hard.json,7050,390
instance_10_hard.json,7100,390
instance_10_hard.json,7150,390
instance_10_hard.json,7200,390
instance_10_hard.json,7250,390
instance_10_hard.json,7300,390
instance_10_hard.json,7350,390
instance_10_hard.json,7400,390
instance_10_hard.json,7450,390
instance_10_hard.json,7500,390
instance_10_hard.json,7550,390
instance_10_hard.json,7600,390
instance_10_hard.json,7650,390
instance_10_hard.json,7700,390
instance_10_hard.json,7750,390
instance_10_hard.json,7800,390
instance_10_hard.json,7850,390
instance_10_hard.json,7900,390
instance_10_hard.json,7950,390
instance_10_hard.json,8000,390
instance_10_hard.json,8050,390
instance_10_hard.json,8100,390
instance_10_hard.json,8150,390
instance_10_hard.json,8200,390
instance_10_hard.json,8250,390
instance_10_hard.json,8300,390
instance_10_hard.json,8350,390
instance_10_hard.json,8400,390
instance_10_hard.json,8450,390
instance_10_hard.json,8500,390
instance_10_hard.json,8550,390
instance_10_hard.json,8600,390
instance_10_hard.json,8650,390
instance_10_hard.json,8700,390
instance_10_hard.json,8750,390
instance_10_hard.json,8800,390
instance_10_hard.json,8850,390
instance_10_hard.json,8900,390
instance_10_hard.json,8950,390
instance_10_hard.json,9000,390
instance_10_hard.json,9050,390
instance_10_hard.json,9100,390
instance_10_hard.json,9150,390
instance_10_hard.json,9200,390
instance_10_hard.json,9250,390
instance_10_hard.json,9300,390
instance_10_hard.json,9350,390
instance_10_hard.json,9400,390
instance_10_hard.json,9450,390
instance_10_hard.json,9500,390
instance_10_hard.json,9550,390
instance_10_hard.json,9600,390
instance_10_hard.json,9650,390
instance_10_hard.json,9700,390
instance_10_hard.json,9750,390
instance_10_hard.json,9800,390
instance_10_hard.json,9850,390
instance_10_hard.json,9900,390
instance_10_hard.json,9950,390
instance_10_hard.json,10000,390
instance_1_easy.json,50,202
instance_1_easy.json,100,240
instance_1_easy.json,150,245
instance_1_easy.json,200,285
instance_1_easy.json,250,285
instance_1_easy.json,300,295
instance_1_easy.json,350,315
instance_1_easy.json,400,315
instance_1_easy.json,450,315
instance_1_easy.json,500,315
instance_1_easy.json,550,315
instance_1_easy.json,600,315
instance_1_easy.json,650,315
instance_1_easy.json,700,315
instance_1_easy.json,750,315
instance_1_easy.json,800,320
instance_1_easy.json,850,320
instance_1_easy.json,900,320
instance_1_easy.json,950,320
instance_1_easy.json,1000,320
instance_1_easy.json,1050,320
instance_1_easy.json,1100,320
instance_1_easy.json,1150,320
instance_1_easy.json,1200,320
instance_1_easy.json,1250,320
instance_1_easy.json,1300,320
instance_1_easy.json,1350,320
instance_1_easy.json,1400,320
instance_1_easy.json,1450,320
instance_1_easy.json,1500,320
instance_1_easy.json,1550,320
instance_1_easy.json,1600,320
instance_1_easy.json,1650,320
instance_1_easy.json,1700,320
instance_1_easy.json,1750,320
instance_1_easy.json,1800,320
instance_1_easy.json,1850,320
instance_1_easy.json,1900,320
instance_1_easy.json,1950,320
instance_1_easy.json,2000,320
instance_1_easy.json,2050,320
instance_1_easy.json,2100,320
instance_1_easy.json,2150,320
instance_1_easy.json,2200,320
instance_1_easy.json,2250,320
instance_1_easy.json,2300,320
instance_1_easy.json,2350,320
instance_1_easy.json,2400,320
instance_1_easy.json,2450,320
instance_1_easy.json,2500,320
instance_1_easy.json,2550,320
instance_1_easy.json,2600,320
instance_1_easy.json,2650,320
instance_1_easy.json,2700,320
instance_1_easy.json,2750,320
instance_1_easy.json,2800,320
instance_1_easy.json,2850,320
instance_1_easy.json,2900,320
instance_1_easy.json,2950,320
instance_1_easy.json,3000,320
instance_1_easy.json,3050,320
instance_1_easy.json,3100,320
instance_1_easy.json,3150,320
instance_1_easy.json,3200,320
instance_1_easy.json,3250,320
instance_1_easy.json,3300,320
instance_1_easy.json,3350,320
instance_1_easy.json,3400,320
instance_1_easy.json,3450,320
instance_1_easy.json,3500,320
instance_1_easy.json,3550,320
instance_1_easy.json,3600,320
instance_1_easy.json,3650,320
instance_1_easy.json,3700,320
instance_1_easy.json,3750,320
instance_1_easy.json,3800,320
instance_1_easy.json,3850,320
instance_1_easy.json,3900,320
instance_1_easy.json,3950,320
instance_1_easy.json,4000,320
instance_1_easy.json,4050,320
instance_1_easy.json,4100,320
instance_1_easy.json,4150,320
instance_1_easy.json,4200,320
instance_1_easy.json,4250,320
instance_1_easy.json,4300,320
instance_1_easy.json,4350,320
instance_1_easy.json,4400,320
instance_1_easy.json,4450,320
instance_1_easy.json,4500,320
instance_1_easy.json,4550,320
instance_1_easy.json,4600,320
instance_1_easy.json,4650,320
instance_1_easy.json,4700,320
instance_1_easy.json,4750,320
instance_1_easy.json,4800,320
instance_1_easy.json,4850,320
instance_1_easy.json,4900,320
instance_1_easy.json,4950,320
instance_1_easy.json,5000,320
instance_1_easy.json,5050,320
instance_1_easy.json,5100,320
instance_1_easy.json,5150,320
instance_1_easy.json,5200,320
instance_1_easy.json,5250,320
instance_1_easy.json,5300,320
instance_1_easy.json,5350,320
instance_1_easy.json,5400,320
instance_1_easy.json,5450,320
instance_1_easy.json,5500,320
instance_1_easy.json,5550,320
instance_1_easy.json,5600,320
instance_1_easy.json,5650,320
instance_1_easy.json,5700,320
instance_1_easy.json,5750,320
instance_1_easy.json,5800,320
instance_1_easy.json,5850,320
instance_1_easy.json,5900,320
instance_1_easy.json,5950,320
instance_1_easy.json,6000,320
instance_1_easy.json,6050,320
instance_1_easy.json,6100,320
instance_1_easy.json,6150,320
instance_1_easy.json,6200,320
instance_1_easy.json,6250,320
instance_1_easy.json,6300,320
instance_1_easy.json,6350,320
instance_1_easy.json,6400,320
instance_1_easy.json,6450,320
instance_1_easy.json,6500,320
instance_1_easy.json,6550,320
instance_1_easy.json,6600,320
instance_1_easy.json,6650,320
instance_1_easy.json,6700,320
instance_1_easy.json,6750,320
instance_1_easy.json,6800,320
instance_1_easy.json,6850,320
instance_1_easy.json,6900,320
instance_1_easy.json,6950,320
instance_1_easy.json,7000,320
instance_1_easy.json,7050,320
instance_1_easy.json,7100,320
instance_1_easy.json,7150,320
instance_1_easy.json,7200,320
instance_1_easy.json,7250,320
instance_1_easy.json,7300,320
instance_1_easy.json,7350,320
instance_1_easy.json,7400,320
instance_1_easy.json,7450,320
instance_1_easy.json,7500,320
instance_1_easy.json,7550,320
instance_1_easy.json,7600,320
instance_1_easy.json,7650,320
instance_1_easy.json,7700,320
instance_1_easy.json,7750,320
instance_1_easy.json,7800,320
instance_1_easy.json,7850,320
instance_1_easy.json,7900,320
instance_1_easy.json,7950,320
instance_1_easy.json,8000,320
instance_1_easy.json,8050,320
instance_1_easy.json,8100,320
instance_1_easy.json,8150,320
instance_1_easy.json,8200,320
instance_1_easy.json,8250,320
instance_1_easy.json,8300,320
instance_1_easy.json,8350,320
instance_1_easy.json,8400,320
instance_1_easy.json,8450,320
instance_1_easy.json,8500,320
instance_1_easy.json,8550,320
instance_1_easy.json,8600,320
instance_1_easy.json,8650,320
instance_1_easy.json,8700,320
instance_1_easy.json,8750,320
instance_1_easy.json,8800,320
instance_1_easy.json,8850,320
instance_1_easy.json,8900,320
instance_1_easy.json,8950,320
instance_1_easy.json,9000,320
instance_1_easy.json,9050,320
instance_1_easy.json,9100,320
instance_1_easy.json,9150,320
instance_1_easy.json,9200,320
instance_1_easy.json,9250,320
instance_1_easy.json,9300,320
instance_1_easy.json,9350,320
instance_1_easy.json,9400,320
instance_1_easy.json,9450,320
instance_1_easy.json,9500,320
instance_1_easy.json,9550,320
instance_1_easy.json,9600,320
instance_1_easy.json,9650,320
instance_1_easy.json,9700,320
instance_1_easy.json,9750,320
instance_1_easy.json,9800,320
instance_1_easy.json,9850,320
instance_1_easy.json,9900,320
instance_1_easy.json,9950,320
instance_1_easy.json,10000,320
instance_5_moderate.json,50,280
instance_5_moderate.json,100,281
instance_5_moderate.json,150,285
instance_5_moderate.json,200,330
instance_5_moderate.json,250,335
instance_5_moderate.json,300,355
instance_5_moderate.json,350,355
instance_5_moderate.json,400,355
instance_5_moderate.json,450,355
instance_5_moderate.json,500,355
instance_5_moderate.json,550,355
instance_5_moderate.json,600,355
instance_5_moderate.json,650,355
instance_5_moderate.json,700,365
instance_5_moderate.json,750,365
instance_5_moderate.json,800,365
instance_5_moderate.json,850,365
instance_5_moderate.json,900,365
instance_5_moderate.json,950,365
instance_5_moderate.json,1000,365
instance_5_moderate.json,1050,375
instance_5_moderate.json,1100,375
instance_5_moderate.json,1150,375
instance_5_moderate.json,1200,375
instance_5_moderate.json,1250,375
instance_5_moderate.json,1300,375
instance_5_moderate.json,1350,375
instance_5_moderate.json,1400,375
instance_5_moderate.json,1450,375
instance_5_moderate.json,1500,375
instance_5_moderate.json,1550,375
instance_5_moderate.json,1600,375
instance_5_moderate.json,1650,375
instance_5_moderate.json,1700,375
instance_5_moderate.json,1750,375
instance_5_moderate.json,1800,375
instance_5_moderate.json,1850,375
instance_5_moderate.json,1900,375
instance_5_moderate.json,1950,375
instance_5_moderate.json,2000,375
instance_5_moderate.json,2050,375
instance_5_moderate.json,2100,375
instance_5_moderate.json,2150,375
instance_5_moderate.json,2200,375
instance_5_moderate.json,2250,375
instance_5_moderate.json,2300,375
instance_5_moderate.json,2350,375
instance_5_moderate.json,2400,375
instance_5_moderate.json,2450,375
instance_5_moderate.json,2500,375
instance_5_moderate.json,2550,375
instance_5_moderate.json,2600,375
instance_5_moderate.json,2650,375
instance_5_moderate.json,2700,375
instance_5_moderate.json,2750,375
instance_5_moderate.json,2800,375
instance_5_moderate.json,2850,375
instance_5_moderate.json,2900,375
instance_5_moderate.json,2950,375
instance_5_moderate.json,3000,375
instance_5_moderate.json,3050,375
instance_5_moderate.json,3100,375
instance_5_moderate.json,3150,375
instance_5_moderate.json,3200,375
instance_5_moderate.json,3250,375
instance_5_moderate.json,3300,375
instance_5_moderate.json,3350,375
instance_5_moderate.json,3400,375
instance_5_moderate.json,3450,375
instance_5_moderate.json,3500,375
instance_5_moderate.json,3550,375
instance_5_moderate.json,3600,375
instance_5_moderate.json,3650,375
instance_5_moderate.json,3700,375
instance_5_moderate.json,3750,375
instance_5_moderate.json,3800,375
instance_5_moderate.json,3850,375
instance_5_moderate.json,3900,375
instance_5_moderate.json,3950,375
instance_5_moderate.json,4000,375
instance_5_moderate.json,4050,375
instance_5_moderate.json,4100,375
instance_5_moderate.json,4150,375
instance_5_moderate.json,4200,375
instance_5_moderate.json,4250,375
instance_5_moderate.json,4300,375
instance_5_moderate.json,4350,375
instance_5_moderate.json,4400,375
instance_5_moderate.json,4450,375
instance_5_moderate.json,4500,375
instance_5_moderate.json,4550,375
instance_5_moderate.json,4600,375
instance_5_moderate.json,4650,375
instance_5_moderate.json,4700,375
instance_5_moderate.json,4750,375
instance_5_moderate.json,4800,375
instance_5_moderate.json,4850,375
instance_5_moderate.json,4900,375
instance_5_moderate.json,4950,375
instance_5_moderate.json,5000,375
instance_5_moderate.json,5050,375
instance_5_moderate.json,5100,375
instance_5_moderate.json,5150,375
instance_5_moderate.json,5200,375
instance_5_moderate.json,5250,375
instance_5_moderate.json,5300,375
instance_5_moderate.json,5350,375
instance_5_moderate.json,5400,375
instance_5_moderate.json,5450,375
instance_5_moderate.json,5500,375
instance_5_moderate.json,5550,375
instance_5_moderate.json,5600,375
instance_5_moderate.json,5650,375
instance_5_moderate.json,5700,375
instance_5_moderate.json,5750,375
instance_5_moderate.json,5800,375
instance_5_moderate.json,5850,375
instance_5_moderate.json,5900,375
instance_5_moderate.json,5950,375
instance_5_moderate.json,6000,375
instance_5_moderate.json,6050,375
instance_5_moderate.json,6100,375
instance_5_moderate.json,6150,375
instance_5_moderate.json,6200,375
instance_5_moderate.json,6250,375
instance_5_moderate.json,6300,375
instance_5_moderate.json,6350,375
instance_5_moderate.json,6400,375
instance_5_moderate.json,6450,375
instance_5_moderate.json,6500,375
instance_5_moderate.json,6550,375
instance_5_moderate.json,6600,375
instance_5_moderate.json,6650,375
instance_5_moderate.json,6700,375
instance_5_moderate.json,6750,375
instance_5_moderate.json,6800,375
instance_5_moderate.json,6850,375
instance_5_moderate.json,6900,375
instance_5_moderate.json,6950,375
instance_5_moderate.json,7000,375
instance_5_moderate.json,7050,375
instance_5_moderate.json,7100,375
instance_5_moderate.json,7150,375
instance_5_moderate.json,7200,375
instance_5_moderate.json,7250,375
instance_5_moderate.json,7300,375
instance_5_moderate.json,7350,375
instance_5_moderate.json,7400,375
instance_5_moderate.json,7450,375
instance_5_moderate.json,7500,375
instance_5_moderate.json,7550,375
instance_5_moderate.json,7600,375
instance_5_moderate.json,7650,375
instance_5_moderate.json,7700,375
instance_5_moderate.json,7750,375
instance_5_moderate.json,7800,375
instance_5_moderate.json,7850,375
instance_5_moderate.json,7900,375
instance_5_moderate.json,7950,375
instance_5_moderate.json,8000,375
instance_5_moderate.json,8050,375
instance_5_moderate.json,8100,375
instance_5_moderate.json,8150,375
instance_5_moderate.json,8200,375
instance_5_moderate.json,8250,375
instance_5_moderate.json,8300,375
instance_5_moderate.json,8350,375
instance_5_moderate.json,8400,375
instance_5_moderate.json,8450,375
instance_5_moderate.json,8500,375
instance_5_moderate.json,8550,375
instance_5_moderate.json,8600,375
instance_5_moderate.json,8650,375
instance_5_moderate.json,8700,375
instance_5_moderate.json,8750,375
instance_5_moderate.json,8800,375
instance_5_moderate.json,8850,375
instance_5_moderate.json,8900,375
instance_5_moderate.json,8950,375
instance_5_moderate.json,9000,375
instance_5_moderate.json,9050,375
instance_5_moderate.json,9100,375
instance_5_moderate.json,9150,375
instance_5_moderate.json,9200,375
instance_5_moderate.json,9250,375
instance_5_moderate.json,9300,375
instance_5_moderate.json,9350,375
instance_5_moderate.json,9400,375
instance_5_moderate.json,9450,375
instance_5_moderate.json,9500,375
instance_5_moderate.json,9550,375
instance_5_moderate.json,9600,375
instance_5_moderate.json,9650,375
instance_5_moderate.json,9700,375
instance_5_moderate.json,9750,375
instance_5_moderate.json,9800,375
instance_5_moderate.json,9850,375
instance_5_moderate.json,9900,375
instance_5_moderate.json,9950,375
instance_5_moderate.json,10000,375